movie_id,release_date,title,production_cost,worldwide_revenue,opening_weekend,genre,runtime,release_year,profit,release_season,roi
1,2019-04-23,"Avengers: Endgame",400000000,2797800564,357115007,Action,181,2019,2397800564,Spring,599.45
2,2011-05-20,"Pirates of the Caribbean: On Stranger Tides",379000000,1045713802,90151958,Adventure,136,2011,666713802,Spring,175.91
3,2015-04-22,"Avengers: Age of Ultron",365000000,1395316979,191271109,Action,141,2015,1030316979,Spring,282.28
4,2015-12-16,"Star Wars Ep. VII: The Force Awakens",306000000,2064615817,247966675,Adventure,136,2015,1758615817,Winter,574.71
5,2018-04-25,"Avengers: Infinity War",300000000,2048359754,257698183,Action,156,2018,1748359754,Spring,582.79
6,2007-05-24,"Pirates of the Caribbean: At World's End",300000000,960996492,114732820,Adventure,167,2007,660996492,Spring,220.33
7,2017-11-13,"Justice League",300000000,655945209,93842239,Action,121,2017,355945209,Autumn,118.65
8,2015-10-06,Spectre,300000000,879500760,70403148,Action,148,2015,579500760,Autumn,193.17
10,2019-12-18,"Star Wars: The Rise of Skywalker",275000000,1072848487,177383864,Adventure,142,2019,797848487,Winter,290.13
11,2018-05-23,"Solo: A Star Wars Story",275000000,393151347,84420489,Adventure,135,2018,118151347,Spring,42.96
12,2012-03-07,"John Carter",263700000,282778100,30180188,Adventure,132,2012,19078100,Spring,7.23
13,2016-03-23,"Batman v Superman: Dawn of Justice",263000000,872395091,166007347,Action,151,2016,609395091,Spring,231.71
14,2017-12-13,"Star Wars Ep. VIII: The Last Jedi",262000000,1331635141,220009584,Adventure,150,2017,1069635141,Winter,408.26
15,2019-07-11,"The Lion King",260000000,1647778651,191770759,Adventure,118,2019,1387778651,Summer,533.76
16,2010-11-24,Tangled,260000000,583777242,48767052,Musical,101,2010,323777242,Autumn,124.53
17,2007-05-04,"Spider-Man 3",258000000,894860230,151116516,Adventure,139,2007,636860230,Spring,246.85
18,2016-04-22,"Captain America: Civil War",250000000,1151918521,179139142,Action,146,2016,901918521,Spring,360.77
19,2022-07-01,"Thor: Love and Thunder",250000000,745453552,144165107,Action,119,2022,495453552,Summer,198.18
20,2009-07-15,"Harry Potter and the Half-Blood Prince",250000000,929411069,77835727,Adventure,153,2009,679411069,Summer,271.76
21,2013-12-12,"The Hobbit: The Desolation of Smaug",250000000,959358436,73645197,Adventure,201,2013,709358436,Winter,283.74
22,2014-12-10,"The Hobbit: The Battle of the Five Armies",250000000,940389558,54724334,Adventure,144,2014,690389558,Winter,276.16
23,2017-04-07,"The Fate of the Furious",250000000,1236703796,98786705,Action,136,2017,986703796,Spring,394.68
24,2021-09-29,"No Time to Die",250000000,760008036,55225007,Action,163,2021,510008036,Autumn,204.00
25,2009-12-17,Avatar,237000000,2910370905,77025481,Action,162,2009,2673370905,Winter,1128.00
26,2006-06-28,"Superman Returns",232000000,391081192,52535096,Adventure,150,2006,159081192,Summer,68.57
27,2012-07-19,"The Dark Knight Rises",230000000,1082228107,160887295,Action,164,2012,852228107,Summer,370.53
28,2017-05-23,"Pirates of the Caribbean: Dead Men Tell No Tales",230000000,794861794,62983253,Adventure,135,2017,564861794,Spring,245.59
29,2008-11-14,"Quantum of Solace",230000000,591692078,67528882,Action,106,2008,361692078,Autumn,157.26
30,2012-04-25,"The Avengers",225000000,1515100211,207438708,Action,143,2012,1290100211,Spring,573.38
31,2006-07-06,"Pirates of the Caribbean: Dead Man's Chest",225000000,1066179725,135634554,Adventure,151,2006,841179725,Summer,373.86
32,2013-06-14,"Man of Steel",225000000,667999518,116619362,Action,142,2013,442999518,Summer,196.89
33,2008-05-16,"The Chronicles of Narnia: Prince Caspian",225000000,417341288,55034805,Adventure,144,2008,192341288,Spring,85.49
34,2013-07-02,"The Lone Ranger",225000000,260002115,29210849,Western,149,2013,35002115,Summer,15.56
35,2012-06-27,"The Amazing Spider-Man",220000000,757890267,62004688,Adventure,136,2012,537890267,Summer,244.50
36,2012-04-11,Battleship,220000000,313477717,25534825,Action,130,2012,93477717,Spring,42.49
37,2017-06-20,"Transformers: The Last Knight",217000000,602893340,44680073,Action,148,2017,385893340,Summer,177.83
38,2015-06-09,"Jurassic World",215000000,1669979967,208806270,Action,124,2015,1454979967,Summer,676.73
39,2012-05-23,"Men in Black 3",215000000,654213485,54592779,Adventure,104,2012,439213485,Spring,204.29
40,2009-06-24,"Transformers: Revenge of the Fallen",210000000,836519699,108966307,Action,149,2009,626519699,Summer,298.34
41,2014-06-25,"Transformers: Age of Extinction",210000000,1104054072,100038390,Action,165,2014,894054072,Summer,425.74
42,2006-05-26,"X-Men: The Last Stand",210000000,459260946,102750665,Action,104,2006,249260946,Spring,118.70
43,2010-05-14,"Robin Hood",210000000,322459006,36063385,Action,139,2010,112459006,Spring,53.55
44,2005-12-14,"King Kong",207000000,550517357,50130145,Adventure,189,2005,343517357,Winter,165.95
45,2007-12-07,"The Golden Compass",205000000,367262558,25783232,Adventure,113,2007,162262558,Winter,79.15
46,2020-08-26,Tenet,205000000,362450957,20001852,Action,110,2020,157450957,Summer,76.81
47,2021-12-14,"Spider-Man: No Way Home",200000000,1912775610,260138569,Action,148,2021,1712775610,Winter,856.39
48,2018-02-13,"Black Panther",200000000,1336494321,202003951,Action,120,2018,1136494321,Winter,568.25
49,1997-12-18,Titanic,200000000,2207986545,28638131,Drama,194,1997,2007986545,Winter,1003.99
50,2018-06-15,"Incredibles 2",200000000,1242805359,182687905,Adventure,118,2018,1042805359,Summer,521.40
51,2016-12-14,"Rogue One: A Star Wars Story",200000000,1055083596,155081681,Adventure,134,2016,855083596,Winter,427.54
52,2016-06-16,"Finding Dory",200000000,1025006125,135060273,Adventure,103,2016,825006125,Summer,412.50
53,2019-06-20,"Toy Story 4",200000000,1073080329,120908065,Adventure,89,2019,873080329,Summer,436.54
54,2010-06-18,"Toy Story 3",200000000,1068879522,110307189,Adventure,102,2010,868879522,Summer,434.44
55,2022-05-04,"Doctor Strange in the Multiverse of Madness",200000000,952224986,187420998,Action,126,2022,752224986,Spring,376.11
56,2013-04-24,"Iron Man 3",200000000,1215392272,174144585,Action,130,2013,1015392272,Spring,507.70
57,2017-04-28,"Guardians of the Galaxy Vol 2",200000000,869113101,146510104,Action,136,2017,669113101,Spring,334.56
58,2004-06-30,"Spider-Man 2",200000000,794697557,88156227,Adventure,127,2004,594697557,Summer,297.35
59,2022-03-01,"The Batman",200000000,767820302,134008624,Action,175,2022,567820302,Spring,283.91
60,2010-03-04,"Alice in Wonderland",200000000,1025491110,116101023,Adventure,108,2010,825491110,Spring,412.75
61,2012-10-26,Skyfall,200000000,1110526981,88364714,Action,143,2012,910526981,Autumn,455.26
62,2012-12-11,"The Hobbit: An Unexpected Journey",200000000,1014938545,84617303,Adventure,169,2012,814938545,Winter,407.47
63,2013-06-21,"Monsters University",200000000,743455810,82429469,Adventure,102,2013,543455810,Summer,271.73
64,2013-03-08,"Oz the Great and Powerful",200000000,490359051,79110453,Adventure,130,2013,290359051,Spring,145.18
65,2014-05-21,"X-Men: Days of Future Past",200000000,747862775,90823660,Action,131,2014,547862775,Spring,273.93
66,2014-04-16,"The Amazing Spider-Man 2",200000000,708996336,91608337,Action,141,2014,508996336,Spring,254.50
67,2011-06-23,"Cars 2",200000000,560155383,66135507,Adventure,107,2011,360155383,Summer,180.08
68,2021-07-07,"Black Widow",200000000,379751655,80366312,Action,133,2021,179751655,Summer,89.88
69,2019-07-31,"Fast & Furious Presents: Hobbs & Shaw",200000000,760381706,60038950,Action,134,2019,560381706,Summer,280.19
70,2021-05-20,"F9: The Fast Saga",200000000,721077945,70043165,Action,145,2021,521077945,Spring,260.54
71,2010-12-17,"Tron: Legacy",200000000,399866199,44026211,Adventure,125,2010,199866199,Winter,99.93
72,2009-11-12,2012,200000000,757677748,65237614,Action,158,2009,557677748,Autumn,278.84
73,2021-11-03,Eternals,200000000,402064929,71297219,Action,156,2021,202064929,Autumn,101.03
74,2018-11-14,"Fantastic Beasts: The Crimes of Grindelwald",200000000,648455339,62163104,Adventure,134,2018,448455339,Autumn,224.23
75,2009-05-21,"Terminator Salvation",200000000,365491792,42558390,Action,116,2009,165491792,Spring,82.75
76,2022-06-15,Lightyear,200000000,218571346,50577961,Adventure,110,2022,18571346,Summer,9.29
77,2021-07-28,"Jungle Cruise",200000000,210384144,35018731,Adventure,90,2021,10384144,Summer,5.19
78,2011-06-17,"Green Lantern",200000000,219535492,53174303,Action,113,2011,19535492,Summer,9.77
80,2010-05-28,"Prince of Persia: Sands of Time",200000000,336359676,30095259,Action,115,2010,136359676,Spring,68.18
81,2019-06-05,"Dark Phoenix",200000000,246356895,32828348,Action,114,2019,46356895,Summer,23.18
82,2020-02-28,Onward,200000000,133317030,39119861,Adventure,114,2020,-66682970,Winter,-33.34
83,2020-12-16,"Wonder Woman 1984",200000000,166360232,16701957,Action,151,2020,-33639768,Winter,-16.82
87,2011-06-29,"Transformers: Dark of the Moon",195000000,1123794079,97852865,Action,154,2011,928794079,Summer,476.30
88,2017-06-02,"The Mummy",195000000,409953905,31668375,Adventure,107,2017,214953905,Summer,110.23
89,2013-02-27,"Jack the Giant Slayer",195000000,197687603,27202226,Adventure,113,2013,2687603,Winter,1.38
90,2015-04-01,"Furious 7",190000000,1514553486,147187040,Action,137,2015,1324553486,Spring,697.13
91,2013-05-16,"Star Trek Into Darkness",190000000,467381584,70165559,Adventure,132,2013,277381584,Spring,145.99
92,2013-06-19,"World War Z",190000000,531861650,66411834,Action,115,2013,341861650,Summer,179.93
93,2013-05-10,"The Great Gatsby",190000000,353640419,50085184,Drama,141,2013,163640419,Spring,86.13
94,2009-11-06,"Disney's A Christmas Carol",190000000,315709697,30051075,Drama,95,2009,125709697,Autumn,66.16
95,2013-07-11,"Pacific Rim",190000000,411002906,37285325,Action,131,2013,221002906,Summer,116.32
96,2021-12-16,"The Matrix Resurrections",190000000,156467817,10749011,Action,148,2021,-33532183,Winter,-17.65
97,2015-11-25,"The Good Dinosaur",187500000,333771037,39155217,Adventure,92,2015,146271037,Autumn,78.01
98,2008-05-02,"Iron Man",186000000,585171547,102118668,Adventure,126,2008,399171547,Spring,214.61
99,2008-07-11,"The Dark Knight",185000000,998615789,158411483,Action,152,2008,813615789,Summer,439.79
100,2008-05-22,"Indiana Jones and the Kingdom of the Crystal Skull",185000000,786635413,100137835,Adventure,123,2008,601635413,Spring,325.21
101,2012-06-21,Brave,185000000,554606532,66323594,Adventure,93,2012,369606532,Summer,199.79
102,2017-02-23,"Kong: Skull Island",185000000,561072059,61025472,Adventure,118,2017,376072059,Winter,203.28
103,2016-07-21,"Star Trek Beyond",185000000,335673708,59253211,Adventure,122,2016,150673708,Summer,81.45
104,2019-10-17,"Maleficent: Mistress of Evil",185000000,489346495,36948713,Adventure,118,2019,304346495,Autumn,164.51
105,2017-09-29,"Blade Runner 2049",185000000,258829058,32753122,Thriller/Suspense,164,2017,73829058,Autumn,39.91
106,2019-10-25,"Terminator: Dark Fate",185000000,250372367,29033832,Action,128,2019,65372367,Autumn,35.34
107,2021-07-28,"The Suicide Squad",185000000,167120232,26205415,Action,132,2021,-17879768,Summer,-9.66
108,2019-05-22,Aladdin,182000000,1046649706,91500929,Adventure,128,2019,864649706,Spring,475.08
109,2017-10-25,"Thor: Ragnarok",180000000,850482778,122744989,Action,130,2017,670482778,Autumn,372.49
111,2014-05-28,Maleficent,180000000,758536735,69431298,Adventure,97,2014,578536735,Spring,321.41
112,2016-11-14,"Fantastic Beasts and Where to Find Them",180000000,811724385,74403387,Adventure,133,2016,631724385,Autumn,350.96
113,2008-06-27,WALL-E,180000000,532508025,63087526,Adventure,100,2008,352508025,Summer,195.84
114,2007-08-10,"Rush Hour 3",180000000,256585882,49100158,Action,91,2007,76585882,Summer,42.55
115,2016-06-27,"The Legend of Tarzan",180000000,348902025,38527856,Adventure,110,2016,168902025,Summer,93.83
116,2011-11-23,Hugo,180000000,180047784,11364505,Adventure,126,2011,47784,Autumn,0.03
117,2017-07-20,"Valerian and the City of a Thousand Planets",180000000,215098356,17007624,Adventure,129,2017,35098356,Summer,19.50
118,2015-02-06,"Jupiter Ascending",179000000,181982519,18372372,Action,127,2015,2982519,Winter,1.67
119,2018-07-16,"Mission: Impossibleâ€”Fallout",178000000,787176729,61236534,Action,147,2018,609176729,Summer,342.23
120,2016-05-18,"X-Men: Apocalypse",178000000,542537546,65769562,Action,136,2016,364537546,Spring,204.80
121,2018-08-09,"The Meg",178000000,527370715,45402195,Action,113,2018,349370715,Summer,196.28
122,2014-05-28,"Edge of Tomorrow",178000000,367028980,28760246,Action,136,2014,189028980,Spring,106.20
123,2019-03-06,"Captain Marvel",175000000,1129727388,153433423,Action,124,2019,954727388,Spring,545.56
124,2016-04-07,"The Jungle Book",175000000,953554418,103261464,Adventure,105,2016,778554418,Spring,444.89
125,2015-06-12,"Inside Out",175000000,853003563,90440272,Adventure,95,2015,678003563,Summer,387.43
126,2017-07-05,"Spider-Man: Homecoming",175000000,878346440,117027503,Action,133,2017,703346440,Summer,401.91
127,2016-08-02,"Suicide Squad",175000000,745744980,133682248,Action,123,2016,570744980,Summer,326.14
128,2009-05-28,Up,175000000,731463377,68108790,Adventure,89,2009,556463377,Spring,317.98
129,2017-10-27,Coco,175000000,797666425,50802605,Musical,105,2017,622666425,Autumn,355.81
130,2018-11-21,"Ralph Breaks The Internet",175000000,529290830,56237634,Adventure,112,2018,354290830,Autumn,202.45
131,2009-03-27,"Monsters vs. Aliens",175000000,381687380,59321095,Adventure,95,2009,206687380,Spring,118.11
132,2017-06-16,"Cars 3",175000000,383541369,53688680,Adventure,109,2017,208541369,Summer,119.17
133,2009-08-07,"G.I. Joe: The Rise of Cobra",175000000,302469017,54713046,Action,118,2009,127469017,Summer,72.84
134,1999-06-30,"Wild Wild West",175000000,221229335,27687484,Adventure,107,1999,46229335,Summer,26.42
135,2008-08-01,"The Mummy: Tomb of the Dragon Emperor",175000000,405760225,40457770,Adventure,111,2008,230760225,Summer,131.86
136,2007-06-22,"Evan Almighty",175000000,174131329,31192615,Comedy,96,2007,-868671,Summer,-0.50
137,1995-07-28,Waterworld,175000000,264246220,21171780,Action,135,1995,89246220,Summer,51.00
138,2020-01-08,Dolittle,175000000,251410631,21844045,Adventure,103,2020,76410631,Winter,43.66
139,2017-05-11,"King Arthur: Legend of the Sword",175000000,139630336,15371270,Adventure,126,2017,-35369664,Spring,-20.21
140,2013-12-06,"47 Ronin",175000000,151716815,9910310,Action,127,2013,-23283185,Winter,-13.30
142,2022-05-20,"Top Gun: Maverick",170000000,1478823595,126707459,Action,131,2022,1308823595,Spring,769.90
143,2018-06-06,"Jurassic World: Fallen Kingdom",170000000,1308334005,148024610,Action,128,2018,1138334005,Summer,669.61
144,2014-07-31,"Guardians of the Galaxy",170000000,770882395,94320883,Action,121,2014,600882395,Summer,353.46
145,2010-05-07,"Iron Man 2",170000000,621156389,128122480,Action,125,2010,451156389,Spring,265.39
146,2014-03-28,"Captain America: The Winter Soldier",170000000,714401889,95023721,Action,135,2014,544401889,Spring,320.24
147,2014-07-09,"Dawn of the Planet of the Apes",170000000,710644566,72611427,Adventure,130,2014,540644566,Summer,318.03
148,2004-11-10,"The Polar Express",170000000,312719437,23325035,Adventure,92,2004,142719437,Autumn,83.95
149,2012-05-30,"Snow White and the Huntsman",170000000,401021746,56217700,Adventure,127,2012,231021746,Spring,135.90
150,2003-07-01,"Terminator 3: Rise of the Machines",170000000,433058296,44041440,Action,109,2003,263058296,Summer,154.74
151,2004-05-05,"Van Helsing",170000000,300150546,51748040,Action,132,2004,130150546,Spring,76.56
152,2019-03-27,Dumbo,170000000,353166307,45990748,Adventure,130,2019,183166307,Spring,107.74
153,2019-05-29,"Godzilla: King of the Monsters",170000000,383299915,47776293,Action,132,2019,213299915,Spring,125.47
154,2015-05-20,Tomorrowland,170000000,206627518,33028165,Adventure,129,2015,36627518,Spring,21.55
155,2019-02-01,"Alita: Battle Angel",170000000,401900040,28525613,Action,122,2019,231900040,Winter,136.41
156,2016-05-20,"Alice Through the Looking Glass",170000000,276928112,26858726,Adventure,113,2016,106928112,Spring,62.90
157,2022-06-01,"Jurassic World: Dominion",165000000,1001188755,145075625,Action,146,2022,836188755,Summer,506.78
158,2010-05-21,"Shrek Forever After",165000000,756244673,70838207,Adventure,93,2010,591244673,Spring,358.33
159,2016-10-24,"Doctor Strange",165000000,676354481,85058311,Action,115,2016,511354481,Autumn,309.91
160,2014-10-25,"Big Hero 6",165000000,648415024,56215889,Adventure,108,2014,483415024,Autumn,292.98
161,2010-03-26,"How to Train Your Dragon",165000000,494870992,43732319,Adventure,91,2010,329870992,Spring,199.92
162,2012-11-01,"Wreck-It Ralph",165000000,496511521,49038712,Adventure,101,2012,331511521,Autumn,200.92
163,2014-11-05,Interstellar,165000000,649133873,47510360,Adventure,165,2014,484133873,Autumn,293.41
164,2021-09-15,Dune,165000000,397720527,41011174,Action,156,2021,232720527,Autumn,141.04
165,2016-06-22,"Independence Day: Resurgence",165000000,384169424,41039944,Action,119,2016,219169424,Summer,132.83
166,2011-07-29,"Cowboys and Aliens",163000000,176038324,36431290,Action,118,2011,13038324,Summer,8.00
167,2017-03-16,"Beauty and the Beast",160000000,1270042058,174750616,Musical,123,2017,1110042058,Spring,693.78
168,2019-06-27,"Spider-Man: Far From Home",160000000,1132532832,92579212,Action,129,2019,972532832,Summer,607.83
169,2018-12-06,Aquaman,160000000,1143758700,67873522,Action,143,2018,983758700,Winter,614.85
170,2007-05-17,"Shrek the Third",160000000,807330936,121629270,Adventure,92,2007,647330936,Spring,404.58
171,2010-07-16,Inception,160000000,728582465,62785337,Thriller/Suspense,147,2010,568582465,Summer,355.36
172,2015-11-18,"The Hunger Games: Mockingjay - Part 2",160000000,648986787,102665981,Thriller/Suspense,136,2015,488986787,Autumn,305.62
173,2013-05-17,"Fast and Furious 6",160000000,789300444,97375245,Action,130,2013,629300444,Spring,393.31
174,2014-05-14,Godzilla,160000000,529076069,93188384,Action,123,2014,369076069,Spring,230.67
175,2011-06-03,"X-Men: First Class",160000000,355408305,55101604,Action,132,2011,195408305,Summer,122.13
176,2008-12-25,"The Curious Case of Benjamin Button",160000000,329631958,26853816,Drama,167,2008,169631958,Winter,106.02
177,2010-07-14,"The Sorcerer's Apprentice",160000000,217986320,17619622,Adventure,108,2010,57986320,Summer,36.24
179,2016-05-25,Warcraft,160000000,438899824,24166110,Action,123,2016,278899824,Spring,174.31
181,2016-09-29,"Deepwater Horizon",156000000,122359309,20223544,Thriller/Suspense,107,2016,-33640691,Autumn,-21.56
183,2021-03-25,"Godzilla vs. Kong",155000000,468064628,32200000,Action,113,2021,313064628,Spring,201.98
184,2015-06-24,"Terminator: Genisys",155000000,432150894,27018486,Action,126,2015,277150894,Summer,178.81
185,2018-03-16,"Pacific Rim: Uprising",155000000,290930148,28116535,Action,111,2018,135930148,Spring,87.70
186,2004-11-24,Alexander,155000000,167297191,13687087,Action,175,2004,12297191,Autumn,7.93
187,2017-07-14,"War for the Planet of the Apes",152000000,489592267,56262929,Action,142,2017,337592267,Summer,222.10
188,2001-05-25,"Pearl Harbor",151500000,449239853,59078912,Action,182,2001,297739853,Spring,196.53
189,2007-07-02,Transformers,151000000,708272592,70502384,Action,142,2007,557272592,Summer,369.05
190,2019-11-20,"Frozen II",150000000,1445182280,130263358,Adventure,103,2019,1295182280,Autumn,863.45
191,2017-05-29,"Wonder Woman",150000000,818058221,103251471,Action,141,2017,668058221,Spring,445.37
192,2013-11-22,Frozen,150000000,1261788407,243390,Musical,102,2013,1111788407,Autumn,741.19
193,2016-02-10,Zootopia,150000000,1004629935,75063401,Adventure,108,2016,854629935,Winter,569.75
194,2007-07-11,"Harry Potter and the Order of the Phoenix",150000000,939619849,77108414,Adventure,138,2007,789619849,Summer,526.41
195,2005-11-18,"Harry Potter and the Goblet of Fire",150000000,886746240,102685961,Adventure,150,2005,736746240,Autumn,491.16
196,2003-05-15,"The Matrix Reloaded",150000000,738576929,91774413,Action,138,2003,588576929,Spring,392.38
197,2007-12-14,"I am Legend",150000000,585532684,77211321,Horror,100,2007,435532684,Winter,290.36
198,2016-01-27,Moana,150000000,631617146,56631401,Musical,113,2016,481617146,Winter,321.08
199,2008-07-01,Hancock,150000000,624234272,62603879,Action,92,2008,474234272,Summer,316.16
200,2021-09-01,"Shang-Chi and the Legend of the Ten Rings",150000000,432243292,75388688,Action,132,2021,282243292,Autumn,188.16
201,2005-07-15,"Charlie and the Chocolate Factory",150000000,475825484,56178450,Adventure,115,2005,325825484,Summer,217.22
202,2007-06-29,Ratatouille,150000000,626549695,47027395,Adventure,110,2007,476549695,Summer,317.70
203,2013-10-30,"Thor: The Dark World",150000000,644602516,85737841,Action,111,2013,494602516,Autumn,329.74
204,2005-06-15,"Batman Begins",150000000,358858124,48745440,Action,140,2005,208858124,Summer,139.24
205,2015-07-29,"Mission: Impossibleâ€”Rogue Nation",150000000,688858992,55520089,Action,131,2015,538858992,Summer,359.24
206,2017-07-18,Dunkirk,150000000,518058826,50513488,Action,107,2017,368058826,Summer,245.37
207,2011-04-29,Thor,150000000,449326618,65723338,Action,113,2011,299326618,Spring,199.55
208,2008-11-07,"Madagascar: Escape 2 Africa",150000000,599680774,63106589,Adventure,89,2008,449680774,Autumn,299.79
209,2009-05-01,"X-Men Origins: Wolverine",150000000,374825760,85058003,Action,107,2009,224825760,Spring,149.88
210,2009-05-22,"Night at the Museum: Battle of the Smithsonian",150000000,402231063,54173286,Adventure,105,2009,252231063,Spring,168.15
211,2011-05-26,"Kung Fu Panda 2",150000000,664837547,47656302,Adventure,90,2011,514837547,Spring,343.23
212,2015-05-14,"Mad Max: Fury Road",150000000,367457874,45428128,Action,120,2015,217457874,Spring,144.97
213,2019-05-03,"PokÃ©mon: Detective Pikachu",150000000,431344168,54365242,Adventure,104,2019,281344168,Spring,187.56
214,2003-11-05,"The Matrix Revolutions",150000000,427300260,48475154,Action,129,2003,277300260,Autumn,184.87
215,2018-03-20,"Ready Player One",150000000,579055653,41769050,Adventure,140,2018,429055653,Spring,286.04
216,2005-11-04,"Chicken Little",150000000,310043823,40049778,Adventure,82,2005,160043823,Autumn,106.70
217,2006-05-05,"Mission: Impossible III",150000000,399387745,47743273,Action,126,2006,249387745,Spring,166.26
218,2009-05-15,"Angels & Demons",150000000,490875846,46204168,Thriller/Suspense,138,2009,340875846,Spring,227.25
219,2004-05-13,Troy,150000000,483152040,46865412,Action,162,2004,333152040,Spring,222.10
220,2010-07-01,"The Last Airbender",150000000,319713881,40325019,Adventure,103,2010,169713881,Summer,113.14
221,2007-11-02,"Bee Movie",150000000,287594577,38021044,Adventure,90,2007,137594577,Autumn,91.73
222,2009-07-24,G-Force,150000000,292817841,31706934,Adventure,87,2009,142817841,Summer,95.21
223,2008-11-21,Bolt,150000000,328015029,26223128,Adventure,96,2008,178015029,Autumn,118.68
224,2021-11-24,Encanto,150000000,230873149,27206494,Adventure,109,2021,80873149,Autumn,53.92
225,2012-03-28,"Wrath of the Titans",150000000,305270083,33457188,Adventure,99,2012,155270083,Spring,103.51
226,2007-11-16,Beowulf,150000000,195080579,27515871,Adventure,115,2007,45080579,Autumn,30.05
227,2012-05-09,"Dark Shadows",150000000,238202668,29685274,"Black Comedy",112,2012,88202668,Spring,58.80
228,2013-06-28,"White House Down",150000000,205440387,24852258,Thriller/Suspense,131,2013,55440387,Summer,36.96
229,2021-07-14,"Space Jam: A New Legacy",150000000,144003749,31053362,Comedy,115,2021,-5996251,Summer,-4.00
230,2010-02-12,"The Wolfman",150000000,142634358,31479235,Horror,102,2010,-7365642,Winter,-4.91
231,2016-12-15,"The Great Wall",150000000,334486852,18469620,Action,104,2016,184486852,Winter,122.99
232,2015-09-25,Pan,150000000,151525973,15315435,Adventure,111,2015,1525973,Autumn,1.02
233,2011-03-11,"Mars Needs Moms",150000000,39549758,6914488,Adventure,88,2011,-110450242,Spring,-73.63
234,2022-02-03,Moonfall,150000000,59049032,9868997,Action,124,2022,-90950968,Winter,-60.63
237,2006-11-03,"Flushed Away",149000000,179357126,18814323,Adventure,85,2006,30357126,Autumn,20.37
238,2012-06-08,"Madagascar 3: Europe's Most Wanted",145000000,746921271,60316738,Adventure,85,2012,601921271,Summer,415.12
239,2011-12-14,"Mission: Impossibleâ€”Ghost Protocol",145000000,694713230,12785204,Action,132,2011,549713230,Winter,379.11
240,2014-06-05,"How to Train Your Dragon 2",145000000,614586270,49451322,Adventure,102,2014,469586270,Summer,323.85
241,1999-06-16,Tarzan,145000000,448191819,34221968,Adventure,88,1999,303191819,Summer,209.10
242,2014-02-20,"Mr. Peabody & Sherman",145000000,269806430,32207057,Adventure,91,2014,124806430,Winter,86.07
243,2012-11-20,"Rise of the Guardians",145000000,306900902,23773465,Adventure,97,2012,161900902,Autumn,111.66
244,2005-04-08,Sahara,145000000,121645390,18068372,Adventure,124,2005,-23354610,Spring,-16.11
245,2016-07-13,Ghostbusters,144000000,229008658,46018755,Comedy,117,2016,85008658,Summer,59.03
246,2002-11-22,"Die Another Day",142000000,431942139,47072040,Action,133,2002,289942139,Autumn,204.18
248,2009-05-08,"Star Trek",140000000,386839614,79204289,Adventure,125,2009,246839614,Spring,176.31
249,1998-07-01,Armageddon,140000000,554600000,36089972,Adventure,150,1998,414600000,Summer,296.14
250,2002-07-03,"Men in Black 2",140000000,441767803,52148751,Action,86,2002,301767803,Summer,215.55
251,2011-07-22,"Captain America: The First Avenger",140000000,370569776,65058524,Action,124,2011,230569776,Summer,164.69
252,2016-01-23,"Kung Fu Panda 3",140000000,521170825,41282042,Adventure,94,2016,381170825,Winter,272.26
253,1998-07-10,"Lethal Weapon 4",140000000,285400000,34048124,Action,127,1998,145400000,Summer,103.86
254,2013-03-27,"G.I. Joe: Retaliation",140000000,375740705,40501814,Action,110,2013,235740705,Spring,168.39
255,2003-12-05,"The Last Samurai",140000000,456810575,24271354,Action,154,2003,316810575,Winter,226.29
256,2005-12-21,"Fun With Dick And Jane",140000000,203018919,14383515,Comedy,90,2005,63018919,Winter,45.01
257,2014-12-05,"Exodus: Gods and Kings",140000000,268314513,24115934,Drama,150,2014,128314513,Winter,91.65
258,2016-06-30,"The BFG",140000000,199646680,18775350,Adventure,115,2016,59646680,Summer,42.60
259,2019-10-03,"Gemini Man",140000000,166623705,20552372,Action,116,2019,26623705,Autumn,19.02
260,2016-02-24,"Gods of Egypt",140000000,138836756,14123903,Adventure,127,2016,-1163244,Winter,-0.83
262,2002-05-03,Spider-Man,139000000,821706375,114844116,Adventure,121,2002,682706375,Spring,491.16
263,2009-03-06,Watchmen,138000000,186976250,55214334,Action,161,2009,48976250,Spring,35.49
264,2005-07-29,Stealth,138000000,76416746,13251545,Action,121,2005,-61583254,Summer,-44.63
265,2008-06-13,"The Incredible Hulk",137500000,265573859,55414050,Adventure,112,2008,128073859,Summer,93.14
266,2003-06-20,Hulk,137000000,245031679,62128420,Action,138,2003,108031679,Summer,78.86
267,2001-07-11,"Final Fantasy: The Spirits Within",137000000,85131830,11408853,Adventure,106,2001,-51868170,Summer,-37.86
268,2012-11-14,"The Twilight Saga: Breaking Dawn, Part 2",136200000,829724737,141067634,Drama,115,2012,693524737,Autumn,509.20
269,2013-03-15,"The Croods",135000000,573068425,43639736,Adventure,98,2013,438068425,Spring,324.50
270,2015-12-25,"The Revenant",135000000,532938302,474560,Adventure,156,2015,397938302,Winter,294.77
271,1999-11-19,"The World is Not Enough",135000000,361730660,35519007,Action,128,1999,226730660,Autumn,167.95
272,2011-03-04,Rango,135000000,245724600,38079323,Adventure,107,2011,110724600,Spring,82.02
273,2003-11-14,"Master and Commander: The Far Side of the World",135000000,212912137,25105990,Adventure,139,2003,77912137,Autumn,57.71
274,2013-07-17,Turbo,135000000,286896578,21312625,Adventure,96,2013,151896578,Summer,112.52
275,2016-06-02,"Teenage Mutant Ninja Turtles: Out of the Shadows",135000000,245328374,35316382,Adventure,112,2016,110328374,Summer,81.72
276,2011-11-18,"Happy Feet Two",135000000,157956466,21237068,Adventure,99,2011,22956466,Autumn,17.00
277,2006-07-28,"Miami Vice",135000000,164920076,25723815,Action,132,2006,29920076,Summer,22.16
278,2018-10-31,"The Nutcracker and the Four Realms",132900000,170024300,20352491,Adventure,99,2018,37124300,Autumn,27.93
279,2005-06-24,"War of the Worlds",132000000,606836535,64878725,Action,116,2005,474836535,Summer,359.72
280,2014-11-26,"Penguins of Madagascar",132000000,366942531,25447444,Adventure,92,2014,234942531,Autumn,177.99
281,2013-11-15,"The Hunger Games: Catching Fire",130000000,864868047,158074286,Adventure,146,2013,734868047,Autumn,565.28
282,2004-05-31,"Harry Potter and the Prisoner of Azkaban",130000000,789592708,93687367,Adventure,141,2004,659592708,Spring,507.38
283,2007-08-03,"The Bourne Ultimatum",130000000,444043396,69283690,Thriller/Suspense,113,2007,314043396,Summer,241.57
284,2018-07-03,"Ant-Man and the Wasp",130000000,623144660,75812205,Action,118,2018,493144660,Summer,379.34
285,2008-06-06,"Kung Fu Panda",130000000,631910531,60239130,Adventure,91,2008,501910531,Summer,386.09
286,2015-07-14,Ant-Man,130000000,518858449,57225526,Action,117,2015,388858449,Summer,299.12
287,2015-03-19,Home,130000000,385997896,52107731,Adventure,94,2015,255997896,Spring,196.92
288,2018-12-19,"Mary Poppins Returns",130000000,348901032,23523121,Musical,130,2018,218901032,Winter,168.39
289,2011-10-28,"Puss in Boots",130000000,554987477,34077439,Adventure,90,2011,424987477,Autumn,326.91
290,2010-11-05,Megamind,130000000,321887208,46016833,Adventure,95,2010,191887208,Autumn,147.61
291,2003-07-18,"Bad Boys II",130000000,273271982,46522560,Action,140,2003,143271982,Summer,110.21
292,2014-03-20,"Rio 2",130000000,492846291,39327869,Adventure,101,2014,362846291,Spring,279.11
293,2010-07-23,Salt,130000000,290650494,36011243,Thriller/Suspense,100,2010,160650494,Summer,123.58
294,2014-03-27,Noah,130000000,352831065,43720472,Drama,137,2014,222831065,Spring,171.41
295,2011-10-28,"The Adventures of Tintin",130000000,373993951,9720993,Adventure,104,2011,243993951,Autumn,187.69
296,2013-05-31,"After Earth",130000000,251499665,27520040,Action,99,2013,121499665,Spring,93.46
297,2008-11-26,Australia,130000000,215080810,14800723,Drama,165,2008,85080810,Autumn,65.45
298,2013-07-19,R.I.P.D.,130000000,79076678,12691415,Action,98,2013,-50923322,Summer,-39.17
299,2019-01-03,"How to Train Your Dragon: The Hidden World",129000000,521214533,55022245,Adventure,104,2019,392214533,Winter,304.04
300,2011-11-18,"The Twilight Saga: Breaking Dawn, Part 1",127500000,688288353,138122261,Drama,117,2011,560788353,Autumn,439.83
301,2000-05-19,Dinosaur,127500000,356148063,38854851,Adventure,82,2000,228648063,Spring,179.33
302,2017-02-23,Logan,127000000,614202315,88411916,Action,135,2017,487202315,Winter,383.62
303,2014-12-18,"Night at the Museum: Secret of the Tomb",127000000,353756621,17100520,Adventure,97,2014,226756621,Winter,178.55
304,2011-07-13,"Harry Potter and the Deathly Hallows: Part II",125000000,1316355322,169189427,Adventure,131,2011,1191355322,Summer,953.08
305,2014-11-19,"The Hunger Games: Mockingjay - Part 1",125000000,766575131,121897634,Thriller/Suspense,123,2014,641575131,Autumn,513.26
306,2001-11-15,"Harry Potter and the Sorcerer's Stone",125000000,965054122,90294621,Adventure,152,2001,840054122,Autumn,672.04
307,2019-12-04,"Jumanji: The Next Level",125000000,798332900,59251543,Adventure,123,2019,673332900,Winter,538.67
308,2010-11-17,"Harry Potter and the Deathly Hallows: Part I",125000000,951767705,125017372,Adventure,146,2010,826767705,Autumn,661.41
309,2006-05-19,"The Da Vinci Code",125000000,767820459,77073388,Thriller/Suspense,152,2006,642820459,Spring,514.26
310,2003-04-30,"X-Men 2",125000000,406348630,85558731,Action,135,2003,281348630,Spring,225.08
311,2011-04-21,"Fast Five",125000000,630163454,86198765,Action,130,2011,505163454,Spring,404.13
312,2014-08-08,"Teenage Mutant Ninja Turtles",125000000,485004754,65575105,Adventure,101,2014,360004754,Summer,288.00
313,2011-12-16,"Sherlock Holmes: A Game of Shadows",125000000,535663443,39637079,Action,129,2011,410663443,Winter,328.53
314,2004-05-27,"The Day After Tomorrow",125000000,555840117,68743584,Adventure,123,2004,430840117,Spring,344.67
315,2017-03-17,"The Boss Baby",125000000,527965936,50198902,Adventure,97,2017,402965936,Spring,322.37
316,2010-04-01,"Clash of the Titans",125000000,493214888,61235105,Action,106,2010,368214888,Spring,294.57
317,2016-10-12,Trolls,125000000,343242613,46581142,Adventure,93,2016,218242613,Autumn,174.59
318,1998-05-19,Godzilla,125000000,376000000,93188384,Action,123,1998,251000000,Spring,200.80
319,2012-05-30,Prometheus,125000000,402448265,51050101,Thriller/Suspense,124,2012,277448265,Spring,221.96
320,2012-08-10,"The Bourne Legacy",125000000,280355920,38142825,Thriller/Suspense,135,2012,155355920,Summer,124.28
321,1997-06-20,"Batman & Robin",125000000,238317814,42872605,Action,125,1997,113317814,Summer,90.65
322,2018-07-05,Skyscraper,125000000,304868961,24905015,Action,103,2018,179868961,Summer,143.90
323,2020-01-03,"The Call of the Wild",125000000,107360936,24791624,Adventure,100,2020,-17639064,Winter,-14.11
324,2012-08-03,"Total Recall",125000000,211856088,25577758,Action,117,2012,86856088,Summer,69.48
325,2016-12-21,"Assassin's Creed",125000000,240759682,10278225,Action,116,2016,115759682,Winter,92.61
326,2016-12-29,"Monster Trucks",125000000,61642798,10950705,Adventure,104,2016,-63357202,Winter,-50.69
327,1999-08-27,"The 13th Warrior",125000000,61698899,10267756,Action,103,1999,-63301101,Summer,-50.64
328,2000-11-17,"How the Grinch Stole Christmas",123000000,345445403,55820330,Adventure,105,2000,222445403,Autumn,180.85
329,2000-05-24,"Mission: Impossible 2",120000000,549588516,57845297,Action,126,2000,429588516,Spring,357.99
330,2000-06-30,"The Perfect Storm",120000000,328711434,41325042,Drama,129,2000,208711434,Summer,173.93
331,2016-07-20,"Jason Bourne",120000000,416168316,59215365,Action,123,2016,296168316,Summer,246.81
332,2022-02-10,Uncharted,120000000,401748820,44010155,Adventure,116,2022,281748820,Winter,234.79
333,2007-06-15,"Fantastic Four: Rise of the Silver Surfer",120000000,289480691,58051684,Action,91,2007,169480691,Summer,141.23
334,2012-11-21,"Life of Pi",120000000,619310368,22451514,Drama,125,2012,499310368,Autumn,416.09
335,2007-02-16,"Ghost Rider",120000000,229545589,45388836,Action,110,2007,109545589,Winter,91.29
336,2018-04-09,Rampage,120000000,427947217,35753093,Action,107,2018,307947217,Spring,256.62
337,2003-06-27,"Charlie's Angels: Full Throttle",120000000,227163273,37634221,Action,106,2003,107163273,Summer,89.30
338,2013-08-09,Elysium,120000000,286192091,29807393,Action,109,2013,166192091,Summer,138.49
339,2013-04-19,Oblivion,120000000,287916633,37054485,Thriller/Suspense,125,2013,167916633,Spring,139.93
340,2017-03-24,"Power Rangers",120000000,142531552,40300288,Action,124,2017,22531552,Spring,18.78
341,2002-07-19,"Stuart Little 2",120000000,166000000,15115152,Adventure,77,2002,46000000,Summer,38.33
342,2014-02-12,RoboCop,120000000,242981799,21681430,Action,116,2014,122981799,Winter,102.48
343,2004-06-11,"The Chronicles of Riddick",120000000,107212751,24289165,Adventure,119,2004,-12787249,Summer,-10.66
345,2008-05-09,"Speed Racer",120000000,93394462,18561337,Action,135,2008,-26605538,Spring,-22.17
346,2005-07-22,"The Island",120000000,163018913,12409070,Action,136,2005,43018913,Summer,35.85
347,2010-12-17,"How Do You Know?",120000000,49628177,7484696,"Romantic Comedy",121,2010,-70371823,Winter,-58.64
350,2010-06-23,"Knight and Day",117000000,258751370,20139985,Action,109,2010,141751370,Summer,121.16
352,2018-10-02,Venom,116000000,856081053,80255756,Action,112,2018,740081053,Autumn,638.00
353,1999-05-19,"Star Wars Ep. I: The Phantom Menace",115000000,1027044677,64810970,Adventure,133,1999,912044677,Spring,793.08
354,2005-05-19,"Star Wars Ep. III: Revenge of the Sith",115000000,848998877,108435841,Adventure,139,2005,733998877,Spring,638.26
355,2002-05-16,"Star Wars Ep. II: Attack of the Clones",115000000,656695615,80027814,Adventure,143,2002,541695615,Spring,471.04
356,2001-11-02,"Monsters, Inc.",115000000,560483719,62577067,Adventure,92,2001,445483719,Autumn,387.38
357,2013-07-26,"The Wolverine",115000000,416456852,53113752,Action,126,2013,301456852,Summer,262.14
358,1997-02-07,"Dante's Peak",115000000,178200000,18479435,Thriller/Suspense,109,1997,63200000,Winter,54.96
359,2016-04-06,"The Huntsman: Winter's War",115000000,165149302,19445035,Action,113,2016,50149302,Spring,43.61
360,2002-06-14,Windtalkers,115000000,77628265,14520412,Action,134,2002,-37371735,Summer,-32.50
363,2010-12-24,"Gulliver's Travels",112000000,232017848,6307691,Adventure,87,2010,120017848,Winter,107.16
364,2017-12-08,Ferdinand,111000000,288510892,13401586,Adventure,107,2017,177510892,Winter,159.92
365,2018-05-11,"Deadpool 2",110000000,786362370,125507153,Action,119,2018,676362370,Spring,614.87
366,2013-10-03,Gravity,110000000,688214291,55785112,Thriller/Suspense,91,2013,578214291,Autumn,525.65
367,2006-12-22,"Night at the Museum",110000000,579446407,30433781,Adventure,108,2006,469446407,Winter,426.77
368,2021-09-30,"Venom: Let There be Carnage",110000000,501600379,90033210,Action,97,2021,391600379,Autumn,356.00
369,2005-06-10,"Mr. and Mrs. Smith",110000000,486124090,50342878,Action,120,2005,376124090,Summer,341.93
370,2015-05-27,"San Andreas",110000000,456258539,54588173,Adventure,114,2015,346258539,Spring,314.78
371,2011-07-29,"The Smurfs",110000000,563749323,35611637,Adventure,103,2011,453749323,Summer,412.50
372,2007-06-27,"Live Free or Die Hard",110000000,382288147,33369559,Action,129,2007,272288147,Summer,247.53
373,2015-03-18,"The Divergent Series: Insurgent",110000000,295075882,52263680,Action,118,2015,185075882,Spring,168.25
374,2004-12-10,"Ocean's Twelve",110000000,362989076,39153380,Adventure,125,2004,252989076,Winter,229.99
375,1997-12-19,"Tomorrow Never Dies",110000000,339504276,25143007,Action,119,1997,229504276,Winter,208.64
376,2000-06-28,"The Patriot",110000000,215300000,22413710,Drama,164,2000,105300000,Summer,95.73
377,2014-03-07,"300: Rise of an Empire",110000000,330780051,45038460,Action,102,2014,220780051,Spring,200.71
378,2004-12-17,"The Aviator",110000000,208370892,858021,Drama,170,2004,98370892,Winter,89.43
379,2016-12-21,Passengers,110000000,302239672,14869736,Thriller/Suspense,116,2016,192239672,Winter,174.76
380,2011-01-14,"The Green Hornet",110000000,229155503,33526876,Action,118,2011,119155503,Winter,108.32
381,2016-09-21,"Miss Peregrine's Home for Peculiar Children",110000000,295986876,28871140,Adventure,126,2016,185986876,Autumn,169.08
382,2011-10-07,"Real Steel",110000000,263880341,27319677,Action,126,2011,153880341,Autumn,139.89
383,2019-06-12,"Men in Black: International",110000000,253020464,30035838,Adventure,118,2019,143020464,Summer,130.02
384,2010-06-11,"The A-Team",110000000,177241171,25669455,Action,118,2010,67241171,Summer,61.13
385,2013-07-31,"The Smurfs 2",110000000,348547523,17548389,Adventure,104,2013,238547523,Summer,216.86
386,2016-03-09,"The Divergent Series: Allegiant",110000000,172022517,29027348,Action,120,2016,62022517,Spring,56.38
387,2009-06-12,"The Taking of Pelham 123",110000000,152364370,23373102,Action,106,2009,42364370,Summer,38.51
388,2013-10-25,"Ender's Game",110000000,127983283,27017351,Adventure,114,2013,17983283,Autumn,16.35
389,2004-04-02,"Home on the Range",110000000,76482461,13880771,Adventure,76,2004,-33517539,Spring,-30.47
390,1997-06-13,"Speed 2: Cruise Control",110000000,150468000,16158942,Action,125,1997,40468000,Summer,36.79
391,2005-05-06,"Kingdom of Heaven",110000000,218674938,19635996,Action,148,2005,108674938,Spring,98.80
392,2017-03-23,"Ghost in the Shell",110000000,167910690,18676033,Action,100,2017,57910690,Spring,52.65
393,2004-06-16,"Around the World in 80 Days",110000000,72004159,7576132,Adventure,120,2004,-37995841,Summer,-34.54
394,2003-11-21,"Dr. Seuss' The Cat in the Hat",109000000,133818283,38329160,Adventure,82,2003,24818283,Autumn,22.77
395,2001-12-25,Ali,109000000,87683966,14710892,Drama,158,2001,-21316034,Winter,-19.56
396,2015-09-30,"The Martian",108000000,653609107,54308575,Thriller/Suspense,130,2015,545609107,Autumn,505.19
397,2016-11-20,Allied,106000000,119266661,12701743,Drama,124,2016,13266661,Autumn,12.52
398,2004-07-16,"I, Robot",105000000,348629585,52179887,Action,115,2004,243629585,Summer,232.03
399,1999-12-17,"Stuart Little",105000000,298815224,15018223,Adventure,92,1999,193815224,Winter,184.59
400,2009-11-25,"The Princess and the Frog",105000000,270997378,786190,Adventure,97,2009,165997378,Autumn,158.09
401,2008-03-07,"10,000 B.C.",105000000,269065678,35867488,Adventure,109,2008,164065678,Spring,156.25
402,2016-07-01,"Ice Age: Collision Course",105000000,402156682,21373064,Adventure,100,2016,297156682,Summer,283.01
403,1997-11-07,"Starship Troopers",105000000,121100000,22058773,Action,129,1997,16100000,Autumn,15.33
405,2017-09-19,"Kingsman: The Golden Circle",104000000,408803696,39023010,Action,141,2017,304803696,Autumn,293.08
406,2000-06-09,"Gone in 60 Seconds",103300000,232643008,25336048,Action,117,2000,129343008,Summer,125.21
407,2000-05-04,Gladiator,103000000,456435588,34819017,Action,154,2000,353435588,Spring,343.14
408,2013-05-23,"The Hangover 3",103000000,362000072,41671198,Comedy,100,2013,259000072,Spring,251.46
409,2018-03-09,"A Wrinkle in Time",103000000,133214549,33123609,Adventure,120,2018,30214549,Spring,29.33
410,2009-07-01,"Public Enemies",102500000,212282709,25271675,Drama,140,2009,109782709,Summer,107.11
411,2006-11-17,"Casino Royale",102000000,594420283,40833156,Action,144,2006,492420283,Autumn,482.76
412,2002-06-21,"Minority Report",102000000,358824714,35677125,Action,144,2002,256824714,Summer,251.79
413,2018-12-13,Bumblebee,102000000,465195589,21654047,Adventure,114,2018,363195589,Winter,356.07
414,2012-10-26,"Cloud Atlas",102000000,130673154,9612247,Drama,172,2012,28673154,Autumn,28.11
415,2002-11-15,"Harry Potter and the Chamber of Secrets",100000000,875262553,88357488,Adventure,161,2002,775262553,Autumn,775.26
416,1991-07-02,"Terminator 2: Judgment Day",100000000,515376182,31765506,Action,136,1991,415376182,Summer,415.38
417,1995-06-16,"Batman Forever",100000000,336529144,52784433,Action,122,1995,236529144,Summer,236.53
418,2001-07-27,"Planet of the Apes",100000000,362211740,68532960,Adventure,120,2001,262211740,Summer,262.21
419,2004-11-19,"National Treasure",100000000,331323410,35142554,Adventure,130,2004,231323410,Autumn,231.32
420,2012-12-25,"Django Unchained",100000000,449841566,30122888,Western,165,2012,349841566,Winter,349.84
421,2019-12-25,1917,100000000,370603379,576216,Thriller/Suspense,119,2019,270603379,Winter,270.60
422,2010-12-22,"Little Fockers",100000000,310650574,30833665,Comedy,98,2010,210650574,Winter,210.65
423,1994-07-15,"True Lies",100000000,365300000,25869770,Action,141,1994,265300000,Summer,265.30
424,2007-11-02,"American Gangster",100000000,267985456,43565135,Drama,157,2007,167985456,Autumn,167.99
425,2009-09-18,"Cloudy with a Chance of Meatballs",100000000,236827677,30304648,Adventure,90,2009,136827677,Autumn,136.83
426,2010-08-06,"The Other Guys",100000000,170936470,35543162,Comedy,97,2010,70936470,Summer,70.94
427,2004-12-17,"Lemony Snicket's A Series of Unfortunate Events",100000000,212956024,30061756,Adventure,107,2004,112956024,Winter,112.96
428,2013-12-25,"The Wolf of Wall Street",100000000,389918903,18410067,"Black Comedy",165,2013,289918903,Winter,289.92
429,2013-05-24,Epic,100000000,262794441,33531068,Adventure,103,2013,162794441,Spring,162.79
430,1996-06-21,Eraser,100000000,234400000,24566446,Action,114,1996,134400000,Summer,134.40
431,1996-06-21,"The Hunchback of Notre Dame",100000000,325500000,21037414,Adventure,91,1996,225500000,Summer,225.50
432,2000-12-15,"The Emperor's New Groove",100000000,169630573,9812302,Adventure,78,2000,69630573,Winter,69.63
433,2012-08-15,"The Expendables 2",100000000,311979256,28591370,Action,103,2012,211979256,Summer,211.98
434,2009-10-16,"Where the Wild Things Are",100000000,99123656,32695407,Adventure,100,2009,-876344,Autumn,-0.88
435,2006-12-15,Eragon,100000000,249488115,23239907,Adventure,104,2006,149488115,Winter,149.49
436,2014-07-23,Hercules,100000000,243388614,29800263,Adventure,97,2014,143388614,Summer,143.39
437,2010-12-10,"The Tourist",100000000,278731369,16472458,Thriller/Suspense,102,2010,178731369,Winter,178.73
438,1999-11-24,"End of Days",100000000,212026975,20523595,Action,120,1999,112026975,Autumn,112.03
439,2019-12-25,"Spies in Disguise",100000000,165138481,13354798,Adventure,104,2019,65138481,Winter,65.14
440,2004-06-11,"The Stepford Wives",100000000,96150482,21406781,"Black Comedy",93,2004,-3849518,Summer,-3.85
441,2007-06-08,"Surf's Up",100000000,145395745,17640249,Adventure,85,2007,45395745,Summer,45.40
442,2006-12-08,"Blood Diamond",100000000,171377916,8648324,Action,143,2006,71377916,Winter,71.38
443,2019-11-07,Midway,100000000,126829063,17897419,Action,138,2019,26829063,Autumn,26.83
444,2010-09-24,"Legend of the Guardians: The Owls of Ga'Hoole",100000000,139716717,16112211,Adventure,90,2010,39716717,Autumn,39.72
445,2009-06-05,"Land of the Lost",100000000,69548641,18837350,Comedy,102,2009,-30451359,Summer,-30.45
446,2003-12-18,"Peter Pan",100000000,95255485,11139495,Adventure,113,2003,-4744515,Winter,-4.74
447,2019-03-15,"Wonder Park",100000000,115112118,15853646,Adventure,93,2019,15112118,Spring,15.11
448,2004-07-23,Catwoman,100000000,82078046,16728411,Action,101,2004,-17921954,Summer,-17.92
449,2014-08-14,"The Expendables 3",100000000,209461378,15879645,Action,103,2014,109461378,Summer,109.46
450,2021-12-08,"West Side Story",100000000,75011257,10574618,Musical,156,2021,-24988743,Winter,-24.99
451,2002-11-27,"Treasure Planet",100000000,91800000,12083248,Adventure,95,2002,-8200000,Autumn,-8.20
452,2021-12-22,"The King's Man",100000000,121125300,5915542,Action,131,2021,21125300,Winter,21.13
453,2010-03-12,"Green Zone",100000000,97523020,14309295,Drama,114,2010,-2476980,Spring,-2.48
454,2017-10-13,Geostorm,100000000,220796009,13707376,Thriller/Suspense,109,2017,120796009,Autumn,120.80
455,2015-12-02,"Point Break",100000000,126704591,9800252,Action,113,2015,26704591,Winter,26.70
456,2019-12-17,Cats,100000000,75558925,6619870,Musical,110,2019,-24441075,Winter,-24.44
457,2015-11-26,"In the Heart of the Sea",100000000,89693309,11053366,Adventure,121,2015,-10306691,Autumn,-10.31
458,2014-04-18,Transcendence,100000000,103039258,10886386,Thriller/Suspense,119,2014,3039258,Spring,3.04
459,2005-02-18,"Son of the Mask",100000000,59918422,7511675,Adventure,94,2005,-40081578,Winter,-40.08
460,2018-12-05,"Mortal Engines",100000000,85480271,7559850,Action,128,2018,-14519729,Winter,-14.52
461,2021-02-03,"Chaos Walking",100000000,27075660,3775350,Action,108,2021,-72924340,Winter,-72.92
462,2021-10-13,"The Last Duel",100000000,30055233,4759151,Drama,153,2021,-69944767,Autumn,-69.94
464,2012-01-20,"Jin lÃ­ng shÃ­ san chai",100000000,98227017,48558,Drama,141,2012,-1772983,Winter,-1.77
467,2015-11-05,"The Peanuts Movie",99000000,250091610,44213073,Adventure,89,2015,151091610,Autumn,152.62
468,2019-02-06,"The LEGO Movie 2: The Second Part",99000000,190131036,34115335,Adventure,107,2019,91131036,Winter,92.05
469,2018-11-21,"Robin Hood",99000000,85210012,36063385,Action,139,2018,-13789988,Autumn,-13.93
470,2001-05-04,"The Mummy Returns",98000000,435040395,68139035,Adventure,129,2001,337040395,Spring,343.92
471,2019-11-14,"Ford v. Ferrari",97600000,224418748,31474958,Drama,152,2019,126818748,Autumn,129.94
472,2002-12-20,"Gangs of New York",97000000,183124621,9496870,Drama,155,2002,86124621,Winter,88.79
473,2017-05-04,"Alien: Covenant",97000000,238521247,36160621,Horror,123,2017,141521247,Spring,145.90
474,2015-03-06,Cinderella,95000000,542351353,67877361,Drama,105,2015,447351353,Spring,470.90
475,2012-06-27,"Ice Age: Continental Drift",95000000,879765137,46629259,Adventure,87,2012,784765137,Summer,826.07
476,2001-12-28,"Black Hawk Down",95000000,159691085,179823,Action,144,2001,64691085,Winter,68.10
477,2010-05-27,"Sex and the City 2",95000000,294680778,31001870,Comedy,146,2010,199680778,Spring,210.19
478,2010-02-12,"Percy Jackson & the Olympians: The Lightning Thief",95000000,223050874,31236067,Adventure,119,2010,128050874,Winter,134.79
479,2012-08-10,"The Campaign",95000000,104907746,26588460,Comedy,85,2012,9907746,Summer,10.43
480,2010-11-12,Unstoppable,95000000,165720921,22688457,Action,98,2010,70720921,Autumn,74.44
481,1997-05-09,"The Fifth Element",95000000,263893838,17031345,Action,126,1997,168893838,Spring,177.78
482,2000-03-31,"The Road to El Dorado",95000000,65700000,12846652,Adventure,89,2000,-29300000,Spring,-30.84
483,2009-12-11,"The Lovely Bones",95000000,94894448,116616,Drama,135,2009,-105552,Winter,-0.11
484,2016-06-30,Ben-Hur,95000000,91669648,11203815,Adventure,123,2016,-3330352,Summer,-3.51
485,2014-12-19,"Seventh Son",95000000,108874967,7217640,Adventure,102,2014,13874967,Winter,14.61
486,2003-05-30,"Finding Nemo",94000000,936094852,70251710,Adventure,100,2003,842094852,Spring,895.85
487,2003-12-17,"The Lord of the Rings: The Return of the King",94000000,1120214046,72629713,Adventure,201,2003,1026214046,Winter,1091.72
488,2002-12-18,"The Lord of the Rings: The Two Towers",94000000,919148764,62007528,Adventure,179,2002,825148764,Winter,877.82
489,2001-06-15,"Lara Croft: Tomb Raider",94000000,273330185,47735743,Adventure,100,2001,179330185,Summer,190.78
490,2015-01-29,"Kingsman: The Secret Service",94000000,404561724,36206331,Action,129,2015,310561724,Winter,330.38
491,2001-12-19,"The Lord of the Rings: The Fellowship of the Ring",93000000,891216824,47211490,Adventure,179,2001,798216824,Winter,858.30
492,2001-07-18,"Jurassic Park III",93000000,365900000,50771645,Action,93,2001,272900000,Summer,293.44
493,2011-08-05,"Rise of the Planet of the Apes",93000000,470986200,54806191,Adventure,120,2011,377986200,Summer,406.44
494,2008-02-14,"The Spiderwick Chronicles",92500000,162839667,19004058,Adventure,96,2008,70339667,Winter,76.04
495,2004-10-22,"The Incredibles",92000000,631441092,70467623,Adventure,115,2004,539441092,Autumn,586.35
496,2013-02-06,"A Good Day to Die Hard",92000000,304249198,24834845,Action,98,2013,212249198,Winter,230.71
497,2004-04-09,"The Alamo",92000000,23911362,9124701,Western,137,2004,-68088638,Spring,-74.01
499,2013-12-19,"The Secret Life of Walter Mitty",91000000,187861183,12765508,Adventure,114,2013,96861183,Winter,106.44
